{"name":"1e369be4-6071-4f46-abc7-bbf1a65d056e","id":"/providers/Microsoft.Flow/flows/1e369be4-6071-4f46-abc7-bbf1a65d056e","type":"Microsoft.Flow/flows","properties":{"apiId":"/providers/Microsoft.PowerApps/apis/shared_logicflows","displayName":"Restore SPO items","definition":{"metadata":{"workflowEntityId":null,"processAdvisorMetadata":null,"flowclientsuspensionreason":"None","flowclientsuspensiontime":null,"creator":{"id":"09d2addf-f439-434f-8ef1-b1fa3e231b14","type":"User","tenantId":"6d6b90b8-c40b-4d09-a70e-741b0c1c76bd"},"provisioningMethod":"FromDefinition","failureAlertSubscription":true,"clientLastModifiedTime":"2021-07-22T01:44:54.9143399Z"},"$schema":"https://schema.management.azure.com/providers/Microsoft.Logic/schemas/2016-06-01/workflowdefinition.json#","contentVersion":"1.0.0.0","parameters":{"$connections":{"defaultValue":{},"type":"Object"},"$authentication":{"defaultValue":{},"type":"SecureObject"}},"triggers":{"manual":{"type":"Request","kind":"Button","inputs":{"schema":{"type":"object","properties":{"text":{"title":"DeletedByEmail","type":"string","x-ms-dynamically-added":true,"description":"Enter the Email ID of the culprit","x-ms-content-hint":"TEXT"},"date":{"title":"Olderdate","type":"string","format":"date","x-ms-dynamically-added":true,"description":"Enter Old Date","x-ms-content-hint":"DATE"},"date_1":{"title":"NewerDate","type":"string","format":"date","x-ms-dynamically-added":true,"description":"Enter New date","x-ms-content-hint":"DATE"},"text_1":{"title":"SiteURL","type":"string","x-ms-dynamically-added":true,"description":"Enter Site URL","x-ms-content-hint":"TEXT"}},"required":["text","date","date_1","text_1"]},"headersSchema":{"x-ms-user-email-encoded":{"title":"User email","type":"string","format":"byte","x-ms-dynamically-added":false}}}}},"actions":{"Send_an_HTTP_request_to_SharePoint":{"runAfter":{},"type":"OpenApiConnection","inputs":{"host":{"apiId":"/providers/Microsoft.PowerApps/apis/shared_sharepointonline","connectionName":"shared_sharepointonline","operationId":"HttpRequest"},"parameters":{"dataset":"@triggerBody()['text_1']","parameters/method":"GET","parameters/uri":"_api/site/recycleBin?$filter= DeletedDate le datetime'@{formatDateTime(triggerBody()['date_1'])}' and DeletedDate ge datetime'@{formatDateTime(triggerBody()['date'])}' and DeletedByEmail eq '@{triggerBody()['text']}' ","parameters/headers":{"Accept":"application/json"}},"authentication":{"value":"@json(decodeBase64(triggerOutputs().headers['X-MS-APIM-Tokens']))['$ConnectionKey']","type":"Raw"}}},"Parse_JSON":{"runAfter":{"Send_an_HTTP_request_to_SharePoint":["Succeeded"]},"type":"ParseJson","inputs":{"content":"@outputs('Send_an_HTTP_request_to_SharePoint')?['body']","schema":{"type":"object","properties":{"body":{"type":"object","properties":{"odata.metadata":{"type":"string"},"value":{"type":"array","items":{"type":"object","properties":{"odata.type":{"type":"string"},"odata.id":{"type":"string"},"odata.editLink":{"type":"string"},"AuthorEmail":{"type":"string"},"AuthorName":{"type":"string"},"DeletedByEmail":{"type":"string"},"DeletedByName":{"type":"string"},"DeletedDate":{"type":"string"},"DeletedDateLocalFormatted":{"type":"string"},"DirName":{"type":"string"},"DirNamePath":{"type":"object","properties":{"DecodedUrl":{"type":"string"}}},"Id":{"type":"string"},"ItemState":{"type":"integer"},"ItemType":{"type":"integer"},"LeafName":{"type":"string"},"LeafNamePath":{"type":"object","properties":{"DecodedUrl":{"type":"string"}}},"Size":{"type":"string"},"Title":{"type":"string"}},"required":["odata.type","odata.id","odata.editLink","AuthorEmail","AuthorName","DeletedByEmail","DeletedByName","DeletedDate","DeletedDateLocalFormatted","DirName","DirNamePath","Id","ItemState","ItemType","LeafName","LeafNamePath","Size","Title"]}}}}}}}},"Apply_to_each":{"foreach":"@body('Parse_JSON')?['value']","actions":{"Send_an_HTTP_request_to_SharePoint_2":{"runAfter":{},"type":"OpenApiConnection","inputs":{"host":{"apiId":"/providers/Microsoft.PowerApps/apis/shared_sharepointonline","connectionName":"shared_sharepointonline","operationId":"HttpRequest"},"parameters":{"dataset":"@triggerBody()['text_1']","parameters/method":"POST","parameters/uri":"/_api/site/RecycleBin('@{items('Apply_to_each')?['Id']}')/restore()"},"authentication":{"value":"@json(decodeBase64(triggerOutputs().headers['X-MS-APIM-Tokens']))['$ConnectionKey']","type":"Raw"}}}},"runAfter":{"Parse_JSON":["Succeeded"]},"type":"Foreach"}}},"connectionReferences":{"shared_sharepointonline":{"connectionName":"shared-sharepointonl-705050b2-b2b9-44c9-a49f-aaddea5d30d6","source":"Invoker","id":"/providers/Microsoft.PowerApps/apis/shared_sharepointonline","tier":"NotSpecified"}},"flowFailureAlertSubscribed":false}}